reviewer_status,paper_id,title,authors,year,venue,doi,url,reviewer_notes
,EEG-0001,Exploring EEG Features in Cross-Subject Emotion Recognition,"Li, Song, Zhang, Zhang, Hou, Hu",2018,Frontiers in Neuroscience,10.3389/fnins.2018.00162,https://www.frontiersin.org/journals/neuroscience/articles/10.3389/fnins.2018.00162/full,
,EEG-0002,EEG-Based Emotion Recognition Using Regularized Graph Neural Networks,"Zhong, Wang, Miao",2020,IEEE Transactions on Affective Computing,not verified,https://ieeexplore.ieee.org/document/9091308/,
,EEG-0003,Personalizing EEG-Based Affective Models with Transfer Learning,"Zheng, Lu",2016,IJCAI 2016 (Proc. 25th Int. Joint Conf. on Artificial Intelligence),not verified,https://www.ijcai.org/Proceedings/16/Papers/388.pdf,
,EEG-0004,Plug-and-Play Domain Adaptation for Cross-Subject EEG-based Emotion Recognition,"Zhao, Yan, Lu",2021,AAAI 2021 (Proc. 35th AAAI Conf. on Artificial Intelligence),not verified,https://ojs.aaai.org/index.php/AAAI/article/view/16169,
,EEG-0005,EEG Emotion Recognition Using Dynamical Graph Convolutional Neural Networks,Song/Zheng/Song/Cui (reconfirm),2018,IEEE Transactions on Affective Computing,not verified,https://ieeexplore.ieee.org/document/8320798,
,EEG-0006,MS-MDA: Multisource Marginal Distribution Adaptation for Cross-Subject and Cross-Session EEG Emotion Recognition,Chen et al. (full author list reconfirm),2021,Frontiers in Neuroscience,10.3389/fnins.2021.778488,https://www.frontiersin.org/journals/neuroscience/articles/10.3389/fnins.2021.778488/full,
,EEG-0007,A Bi-Hemisphere Domain Adversarial Neural Network Model for EEG Emotion Recognition,Li/Zheng/Cui/Zhang/Zong (reconfirm),2018,IEEE Transactions on Affective Computing,10.1109/TAFFC.2018.2885474 (reconfirm),https://ieeexplore.ieee.org/document/8567966/,
,EEG-0008,A Novel Bi-hemispheric Discrepancy Model (BiHDM) for EEG Emotion Recognition,"Li, Zheng, Wang, Zong, Qi, Cui, Zhang, Song",2021,IEEE Transactions on Cognitive and Developmental Systems (vol 13),not verified,https://arxiv.org/abs/1906.01704,
,EEG-0009,SDC-Net: A Domain Adaptation Framework with Semantic-Dynamic Consistency for Cross-Subject EEG Emotion Recognition,(authors not verified this pass),2025,arXiv (published venue unverified),not verified,https://arxiv.org/abs/2507.17524,
,EEG-0010,HEDN: A Hard-Easy Dual Network with Source Reliability Assessment for Cross-Subject EEG Emotion Recognition,(authors not verified this pass),2025,arXiv (published venue unverified),not verified,https://arxiv.org/abs/2511.06782,
,EEG-0014,Cross-Subject EEG Emotion Recognition With Self-Organized Graph Neural Network,"Li, Li, Pan, Wang",2021,Frontiers in Neuroscience,10.3389/fnins.2021.611653,https://www.frontiersin.org/journals/neuroscience/articles/10.3389/fnins.2021.611653/full,
,EEG-0015,EmT: A Novel Transformer for Generalized Cross-subject EEG Emotion Recognition,"Ding, Tong, Zhang, Jiang, Li, Liang, Guan",2024,arXiv preprint (peer-review status reconfirm),not verified,https://arxiv.org/abs/2406.18345,
,EEG-0016,EEGFuseNet: Hybrid Unsupervised Deep Feature Characterization and Fusion for High-Dimensional EEG with An Application to Emotion Recognition,"Liang, Zhou, Zhang, Li, Huang, Zhang, Ishii",2021,IEEE Transactions on Neural Systems and Rehabilitation Engineering (vol 29),not verified,https://arxiv.org/abs/2102.03777,
,EEG-0017,MTLFuseNet: A novel emotion recognition model based on deep latent feature fusion of EEG signals and multi-task learning,"Li, Ren, Ge, et al.",2023,Knowledge-Based Systems (vol 276),10.1016/j.knosys.2023.110756,https://www.sciencedirect.com/science/article/abs/pii/S0950705123005063,
,EEG-0020,Contrastive Learning of Subject-Invariant EEG Representations for Cross-Subject Emotion Recognition,"Shen, Liu, Hu, Zhang, Song",2022,IEEE Transactions on Affective Computing (vol 14),10.1109/TAFFC.2022.3164516,https://arxiv.org/abs/2109.09559,
,EEG-0021,FACE: Few-shot Adapter with Cross-view Fusion for Cross-subject EEG Emotion Recognition,(authors not verified this pass),2025,IEEE Transactions (under review; arXiv),not verified,https://arxiv.org/abs/2503.18998,
,EEG-0022,Region-aware Spatiotemporal Modeling with Collaborative Domain Generalization for Cross-Subject EEG Emotion Recognition (RSM-CoDG),Wu et al. (full list not verified),2026,arXiv (published venue unverified),not verified,https://arxiv.org/abs/2601.15615,
,EEG-0024,EEGMatch: Learning with Incomplete Labels for Semi-Supervised EEG-based Cross-Subject Emotion Recognition,(authors not verified this pass),2023,arXiv (published venue unverified),not verified,https://arxiv.org/abs/2304.06496,
,EEG-0035,DAGAM: A Domain Adversarial Graph Attention Model for Subject Independent EEG-Based Emotion Recognition,(authors not verified this pass),2022,arXiv (published venue unverified),not verified,https://arxiv.org/abs/2202.12948,
,EEG-0042,PR-PL: A Novel Transfer Learning Framework with Prototypical Representation based Pairwise Learning for EEG-Based Emotion Recognition,(authors not verified this pass),2022,arXiv (published venue unverified),not verified,https://arxiv.org/abs/2202.06509,
,EEG-0043,DAMSDAN: Distribution-Aware Multi-Source Domain Adaptation Network for Cross-Domain EEG Emotion Recognition,(authors not verified this pass),2025,arXiv (published venue unverified),not verified,https://arxiv.org/abs/2510.17475,
,EEG-0053,Cross-dataset EEG emotion recognition based on pre-trained Vision Transformer considering emotional sensitivity diversity,"Wang, Tian, Zhou",2025,Expert Systems with Applications (vol 279),10.1016/j.eswa.2025.127348,https://www.sciencedirect.com/science/article/abs/pii/S0957417425009704,
,EEG-0054,Calibration free meta learning based approach for subject independent EEG emotion recognition,"Bhosale, Chakraborty, Kopparapu",2022,Biomedical Signal Processing and Control (vol 72),10.1016/j.bspc.2021.103289,https://www.sciencedirect.com/science/article/abs/pii/S1746809421008867,
,EEG-0058,Cross-Subject EEG Emotion Recognition Based on Interconnected Dynamic Domain Adaptation,An et al.,2024,ICASSP 2024,10.1109/ICASSP48485.2024.10446957,https://doi.org/10.1109/ICASSP48485.2024.10446957,
,EEG-0059,An Adversarial Discriminative Temporal Convolutional Network for EEG-Based Cross-Domain Emotion Recognition,"He, Zhong, et al.",2022,Computers in Biology and Medicine 141:105048,10.1016/j.compbiomed.2021.105048,https://doi.org/10.1016/j.compbiomed.2021.105048,
,EEG-0060,Enhancing EEG-Based Cross-Subject Emotion Recognition via Adaptive Source Joint Domain Adaptation,"Liu, Luo, Zhu, Yu, Yu, Xiao, Wu",2025,IEEE Transactions on Affective Computing 16(3):1419-1430,10.1109/TAFFC.2024.3514635,https://doi.org/10.1109/TAFFC.2024.3514635,
,EEG-0063,FDDGNet: An Information Bottleneck-Inspired Feature Disentanglement Network for Cross-Subject EEG-Based Emotion Recognition,Yang et al.,2026,Neurocomputing 668:132368,10.1016/j.neucom.2025.132368,https://doi.org/10.1016/j.neucom.2025.132368,
,EEG-0070,A Convolution and Attention-Based Conditional Adversarial Domain Adaptation Neural Network for Emotion Recognition Using EEG,Cen et al.,2025,Biomedical Signal Processing and Control 100:106957,10.1016/j.bspc.2024.106957,https://doi.org/10.1016/j.bspc.2024.106957,
,EEG-0073,Bridge Graph Attention Based Graph Convolution Network with Multi-Scale Transformer for EEG Emotion Recognition,Yan et al.,2024,IEEE Transactions on Affective Computing 15(4):2042-2054,10.1109/TAFFC.2024.3394873,https://doi.org/10.1109/TAFFC.2024.3394873,
,EEG-0086,Cross-Subject EEG-Based Emotion Recognition Leveraging Multi-Source Domain Adaptation with Curriculum Learning Strategy,(not verified),2026,Neurocomputing (2026) 134158,10.1016/j.neucom.2026.134158,https://doi.org/10.1016/j.neucom.2026.134158,
,EEG-0087,Subject-Independent EEG Emotion Recognition Based on Genetically Optimized Projection Dictionary Pair Learning,"Su, Zhu, Song, Chang",2023,Brain Sciences 13(7):977,10.3390/brainsci13070977,https://doi.org/10.3390/brainsci13070977,
,EEG-0089,Multi-Scale Hyperbolic Contrastive Learning for Cross-Subject EEG Emotion Recognition (MSHCL),Chang et al.,2025,IEEE Trans. Affective Computing,10.1109/TAFFC.2025.3535542,not verified,
,EEG-0104,STRAViT: Spatial-Temporal Feature-Reshaped Agent Vision Transformer for EEG Emotion Recognition,(not verified),2025,(IEEE journal; venue to confirm),not verified,not verified,
,EEG-0105,Multi-Scale Dynamic Temporal Network With Graph Matching Domain Adaptation for Cross-Subject EEG Emotion Recognition,(not verified),2025,(IEEE journal; venue to confirm),not verified,not verified,
,EEG-0106,Cross-Subject and Cross-Session EEG Emotion Recognition Based on Multisource Structural Deep Clustering,(not verified),2024,(journal; venue to confirm),not verified,not verified,
,EEG-0107,SCVAE-Net: Supervised Contrastive Variational AutoEncoder Network for Cross-Domain EEG Emotion Recognition,(not verified),2026,Sensors (Basel) 26(10):3217,10.3390/s26103217,not verified,
,EEG-0108,Unsupervised Multi-Source Domain Adaptive Network Based on a Gating Mechanism for Cross-Subject EEG Emotion Recognition,(not verified),2025,"Signal, Image and Video Processing",10.1007/s11760-025-04819-9,not verified,
,EEG-0123,A coupling of common-private topological patterns learning approach for cross-subject emotion recognition (CPT-LS),"Zhang, Li, Chang, Liu, Qin, Xie, Wang, Gao, Wu",2024,Biomed. Signal Process. Control,not verified,not verified,
,EEG-0127,AST-CLNet: EEG emotion recognition based on dual-branch adaptive graph convolution and contrastive learning,"Huang, Cao, Li, Hua",2025,Biomed. Signal Process. Control,not verified,not verified,
,EEG-0138,Crucial rhythms and subnetworks for emotion processing extracted by an interpretable deep model (BrainAMDANN),not verified,not verified,not verified,not verified,not verified,
,EEG-0139,DDMGCN: Deep Dynamic Multi-Graph Convolutional Neural Network for EEG emotion recognition,not verified,2026,Biomed. Signal Process. Control,not verified,not verified,
,EEG-0142,Domain adversarial learning with multiple adversarial tasks for EEG emotion recognition (DANN-MAT),not verified,2024,not verified,not verified,not verified,
,EEG-0145,EEG-based emotion recognition using super-resolution superlet transform and self-attention CNN (SLT SA-CNN),not verified,not verified,not verified,not verified,not verified,
,EEG-0151,HEAT: Hierarchical Emotion Adaptation with Progressive Thresholding for EEG Emotion (and Consciousness) Recognition,not verified,not verified,not verified,not verified,not verified,
,EEG-0152,Impact of sex differences on subject-independent EEG-based emotion recognition models,not verified,not verified,not verified,not verified,not verified,
,EEG-0154,MG-DA: Multi-branch graph convolution with domain adaptation for emotion recognition,not verified,not verified,not verified,not verified,not verified,
,EEG-0156,MGGL: a multi-grained graph learning model for EEG emotion recognition,not verified,not verified,not verified,not verified,not verified,
,EEG-0161,Multi-source EEG emotion recognition via dynamic contrastive domain adaptation (MS-DCDA),not verified,not verified,not verified,not verified,not verified,
,EEG-0162,Multi-source domain adaptation with spatio-temporal feature extractor for EEG emotion recognition (DiFLM),not verified,not verified,not verified,not verified,not verified,
,EEG-0163,Multi-source domain separation adversarial domain adaptation for EEG emotion recognition,not verified,not verified,not verified,not verified,not verified,
,EEG-0174,Fusion of Multi-domain EEG Signatures Improves Emotion Recognition,not verified,not verified,"not verified (OA, IMR Press)",not verified,not verified,
,EEG-0176,Directional Spatial and Spectral Attention Network (DSSA Net) for EEG-based emotion recognition,Liu et al.,2024,Frontiers in Neurorobotics,10.3389/fnbot.2024.1481746,not verified,
,EEG-0183,Multi-source joint domain adaptation for cross-subject and cross-session emotion recognition from EEG (MSJDA),"Liang, Su, Fu, Wu",2022,Frontiers in Human Neuroscience 16:921346,10.3389/fnhum.2022.921346,not verified,
,EEG-0185,SSTM-IS: simplified STM method based on instance selection for real-time EEG emotion recognition,not verified,2023,Frontiers in Human Neuroscience 17:1132254,10.3389/fnhum.2023.1132254,not verified,
,EEG-0186,STGATE: Spatial-temporal graph attention network with a transformer encoder for EEG-based emotion recognition,"Li, Pan, Huang, Pan, Wang",2023,Frontiers in Human Neuroscience 17:1169949,10.3389/fnhum.2023.1169949,not verified,
,EEG-0187,Hybrid transfer learning strategy for cross-subject EEG emotion recognition (DFF-Net),not verified,not verified,not verified (OA Frontiers),not verified,not verified,
,EEG-0188,Multi-source domain adaptation for EEG emotion recognition based on inter-domain sample hybridization,not verified,not verified,not verified (OA Frontiers),not verified,not verified,
,EEG-0198,Possibilistic distribution distance metric: a robust domain adaptation learning method (C-PDDM),"Tao, Dan, Zhou",not verified,Frontiers in Neuroscience (OA),not verified,not verified,
,EEG-0203,Domain adaptive deep possibilistic clustering for EEG-based emotion recognition,not verified,2025,Frontiers in Neuroscience 19:1592070,10.3389/fnins.2025.1592070,not verified,
,EEG-0205,MSGM: a multi-scale spatiotemporal graph Mamba for EEG emotion recognition,not verified,not verified,not verified (OA Frontiers),not verified,not verified,
,EEG-0212,Identifying relevant EEG channels for subject-independent emotion recognition using attention,not verified,not verified,not verified (OA Frontiers),not verified,not verified,
,EEG-0213,DGAT: a dynamic graph attention neural network framework for EEG emotion recognition,not verified,not verified,not verified (OA Frontiers),not verified,not verified,
,EEG-0227,Adaptive Domain Alignment Neural Networks for Cross-Domain EEG Emotion Recognition (ADANN),not verified,not verified,IEEE (top),not verified,not verified,
,EEG-0230,An EEG-Based Multi-Source Domain Knowledge Transfer Framework for Cross-Session and Cross-Subject Emotion Recognition (MS-KTF),not verified,not verified,IEEE (top),not verified,not verified,
,EEG-0231,An Efficient Graph Learning System for Emotion Recognition Inspired by the Cognitive Prior Graph of EEG Brain Network (BF-GCN),not verified,not verified,IEEE (top),not verified,not verified,
,EEG-0256,Deep Neural Network for Emotion Recognition Based on Meta-Transfer Learning,not verified,not verified,IEEE (top),not verified,not verified,
,EEG-0257,Deep Representation Learning With Assisted Domain Adaptation for EEG-Based Cross-Subject Emotion Recognition,not verified,not verified,IEEE (top),not verified,not verified,
,EEG-0264,Domain-Invariant Adaptive Graph Regularized Label Propagation for EEG-Based Emotion Recognition,not verified,not verified,IEEE (top),not verified,not verified,
,EEG-0268,Dynamic-Attention-Based EEG State Transition Modeling for Emotion Recognition,not verified,not verified,IEEE (top),not verified,not verified,
,EEG-0276,EMO-CARE: EEG Multi-Scale Temporal Modeling With Channel-Aware Feature Attention for Robust Cross-Subject Emotion Recognition,not verified,not verified,IEEE (top),not verified,not verified,
,EEG-0292,Exploiting the Intrinsic Neighborhood Semantic Structure for Domain Adaptation in EEG-Based Emotion Recognition,not verified,not verified,IEEE (top),not verified,not verified,
,EEG-0315,M3D: Manifold-Based Domain Adaptation With Dynamic Distribution for Non-Deep Transfer Learning in Cross-Subject and Cross-Session EEG Emotion Recognition,not verified,not verified,IEEE (top),not verified,not verified,
,EEG-0340,PR-PL: A Novel Prototypical Representation Based Pairwise Learning Framework for Emotion Recognition,Zhou et al. (PR-PL),not verified,IEEE Transactions on Affective Computing,not verified,not verified,
,EEG-0343,Prototypical Contrastive Learning With Temporal Dynamic Graph Convolutional Network for EEG Emotion Recognition,not verified,not verified,IEEE (top),not verified,not verified,
,EEG-0350,STRAViT: A Spatial-Temporal Feature-Reshaped Agent Vision Transformer for EEG-Based Emotion Recognition,not verified,2025,not verified,not verified,not verified,
,EEG-0353,Semi-Supervised Dual-Stream Self-Attentive Adversarial Graph Contrastive Learning for Cross-Subject EEG Emotion Recognition,not verified,not verified,not verified,not verified,not verified,
,EEG-0358,TAHAG: Two-Stage Domain Adaptation With Hybrid Adaptive Graph Learning for EEG Emotion Recognition,not verified,not verified,not verified,not verified,not verified,
,EEG-0362,Ugan: Uncertainty-Guided Graph Augmentation Network for EEG Emotion Recognition,not verified,not verified,not verified,not verified,not verified,
,EEG-0368,A Knowledge-Driven Self-Supervised Learning Method for Enhancing EEG-Based Emotion Recognition,not verified,not verified,not verified,not verified,not verified,
,EEG-0369,A Multi-Branch EEG Emotion Recognition Framework Based on Cross-Subject and Cross-Session Transfer (MBEER),not verified,2025,Neurocomputing,not verified,not verified,
,EEG-0374,ChannelMix-Based Transformer and Convolutional Multi-View Feature Fusion Network for Unsupervised Cross-Subject EEG Emotion Recognition (CMTCF),not verified,not verified,not verified,not verified,not verified,
,EEG-0378,Cross-Subject Emotion Recognition in BCI Based on Frequency Band Attention Graph Adversarial Network (FBAGAN),not verified,2024,Journal of Neuroscience Methods,not verified,not verified,
,EEG-0379,DA-CapsNet: A Multi-Branch Capsule Network Based on Adversarial Domain Adaption for Cross-Subject EEG Emotion Recognition,not verified,2023,Knowledge-Based Systems,not verified,not verified,
,EEG-0383,Domain Adversarial Neural Network With Reliable Pseudo-Labels Iteration for Cross-Subject EEG Emotion Recognition,not verified,2025,Knowledge-Based Systems,not verified,not verified,
,EEG-0384,Dual Filtration Subdomain Adaptation Network for Cross-Subject EEG Emotion Recognition (DFSAN),not verified,2025,Neurocomputing,not verified,not verified,
,EEG-0385,Dynamic Entropy-Based Pattern Learning to Identify Emotions From EEG Signals Across Individuals,not verified,not verified,not verified,not verified,not verified,
,EEG-0386,Dynamic Sparse Directed Graph Convolutional Network With Attention Mechanisms for EEG Emotion Recognition (DSDirGCN-AM),not verified,2025,Neurocomputing,not verified,not verified,
,EEG-0393,EmoDNCL+: Dual-Stream Negative-Sample-Free Contrastive Learning With Neurophysiological Alignment for EEG Emotion Recognition,not verified,not verified,not verified,not verified,not verified,
,EEG-0399,Emotion Recognition Using Spatial-Temporal EEG Features Through Convolutional Graph Attention Network,not verified,not verified,not verified,not verified,not verified,
,EEG-0402,Fine-Grained Label Propagation via Density-Based Prototype Matching for Cross-Subject EEG Emotion Recognition (DBPM),not verified,2025,Knowledge-Based Systems,not verified,not verified,
,EEG-0404,GCD-JFSE: Graph-Based Class-Domain Knowledge Joint Feature Selection and Ensemble Learning for Cross-Subject EEG Emotion Recognition,not verified,not verified,not verified,not verified,not verified,
,EEG-0405,GNN-Based Multi-Source Domain Prototype Representation for Cross-Subject EEG Emotion Recognition,not verified,2024,Neurocomputing,not verified,not verified,
,EEG-0408,IDFG: Information-Regularized Diversity-Fidelity Graph for EEG Emotion Recognition,not verified,2026,Knowledge-Based Systems,not verified,not verified,
,EEG-0425,PDGCN: A Progressive Dual-Branch Graph Convolution Network for EEG Emotion Recognition,not verified,2026,Neural Networks,not verified,not verified,
,EEG-0428,ProDG: A Proxy-Domain-Guiding Strategy for Multi-Source-Free Domain Adaptation in EEG Emotion Recognition,not verified,2025,Knowledge-Based Systems,not verified,not verified,
,EEG-0433,SFT-SGAT: A Semi-Supervised Fine-Tuning Self-Supervised Graph Attention Network for EEG Emotion Recognition,not verified,not verified,not verified,not verified,not verified,
,EEG-0436,Semi-Supervised Pairwise Transfer Learning Based on Multi-Source Domain Adaptation for EEG Emotion Recognition,not verified,not verified,not verified,not verified,not verified,
,EEG-0438,Spatiotemporal Isomorphic Cross-Brain Region Interaction Network for Cross-Subject EEG Emotion Recognition (STCBI-Nets),not verified,2025,Knowledge-Based Systems,not verified,not verified,
,EEG-0440,Subject-Independent EEG Emotion Recognition With Hybrid Spatio-Temporal GRU-Conv Architecture,not verified,not verified,Medical & Biological Engineering & Computing,not verified,not verified,
,EEG-0441,TMLP+SRDANN: A Domain Adaptation Method for EEG-Based Emotion Recognition,not verified,not verified,not verified,not verified,not verified,
,EEG-0444,UMDA-DDSTGN: An Unsupervised Meta-Domain Adaptation Method Using Dynamic Directed Spatial-Temporal Graph Network,not verified,2025,Knowledge-Based Systems,not verified,not verified,
