record_id,doi,year,venue,title,llm_decision_raw,llm_decision_mapped,llm_reason,reviewer_decision,reviewer_reason_code,reviewer_notes,protocol_red_flag,protocol_red_flag_type,protocol_red_flag_note,adjudicator_decision,adjudicator_reason_code,adjudicator_notes,protocol_red_flag,protocol_red_flag_type,protocol_red_flag_note
SCR-0032,10.1007/s11571-024-10193-y,2025,COGNITIVE NEURODYNAMICS,Multi-view domain adaption based multi-scale convolutional conditional invertible discriminator,include-candidate,include-candidate,EEG cross-subject emotion (journal),exclude,exclude ,subject-dependent-only,,,,exclude,exclude ,subject-dependent-only,,,
SCR-0048,10.1007/s12559-022-10077-5,2023,COGNITIVE COMPUTATION,Accurate Emotion Recognition Utilizing Extracted EEG Sources as Graph Neural Network Nodes,include-candidate,include-candidate,EEG cross-subject emotion (journal),exclude,exclude ,private-insufficient,,,,exclude,exclude ,private-insufficient,,,
SCR-0049,10.1007/s12559-023-10171-2,2024,COGNITIVE COMPUTATION,A Fuzzy Ensemble-Based Deep learning Model for EEG-Based Emotion Recognition,include-candidate,include-candidate,EEG cross-subject emotion (journal),exclude,exclude ,subject-dependent-only,yes,subject-mixed-kfold,claims subject-independent but uses 60/20/20 split (no subject-level separation),exclude,exclude ,subject-dependent-only,,,
SCR-0058,10.1007/s40998-024-00710-4,2024,IRANIAN JOURNAL OF SCIENCE AND TECHNOL,Enhancing Emotion Detection with Non-invasive Multi-Channel EEG and Hybrid Deep Learning Archit,include-candidate,include-candidate,EEG cross-subject emotion (journal),exclude,exclude ,insufficient-info,,,,exclude,exclude ,insufficient-info,,,
SCR-0060,10.1007/s42452-026-08583-4,2026,DISCOVER APPLIED SCIENCES,Exploring principal component analysis and convolutional neural network (PCA-CNN) based archite,include-candidate,include-candidate,EEG cross-subject emotion (journal),exclude,exclude ,subject-dependent-only,,,,include-candidate,include-candidate,EEG cross-subject emotion (journal),,,
SCR-0061,10.1007/s42486-025-00219-7,2026,CCF TRANSACTIONS ON PERVASIVE COMPUTIN,Music emotion interaction system based on brain-computer interface: a hybrid deep learning and ,include-candidate,include-candidate,EEG cross-subject emotion (journal),exclude,exclude ,private-insufficient,,,,exclude,exclude ,private-insufficient,,,
SCR-0063,10.1007/s42979-024-02762-z,2024,SN Computer Science,A Resilient Overlay for Human Emotion Recognition Using Mixed Frameworks in Machine-Human Inter,include-candidate,include-candidate,EEG cross-subject emotion (journal),exclude,exclude ,private-insufficient,,,,exclude,exclude ,private-insufficient,,,
SCR-0068,10.1007/s44443-025-00441-4,2026,JOURNAL OF KING SAUD UNIVERSITY COMPUT,MEF-net: A generalized hybrid multi-entropy feature fusion neural network model for cross-subje,include-candidate,include-candidate,EEG cross-subject emotion (journal),exclude,exclude ,subject-dependent-only,unclear,,insufficient protocol text extracted from PDF,exclude,exclude ,insufficient-info,,,
SCR-0070,10.1016/j.aei.2024.102522,2024,ADVANCED ENGINEERING INFORMATICS,Light-weight residual convolution-based capsule network for EEG emotion recognition,exclude,exclude,not-cross-subject,include-candidate,include,EEG cross-subject emotion (journal),,,,include-candidate,include,EEG cross-subject emotion (journal),,,
SCR-0074,10.1016/j.apacoust.2020.107840,2021,APPLIED ACOUSTICS,A new approach to recognition of human emotions using brain signals and music stimuli,include-candidate,include-candidate,EEG cross-subject emotion (journal),exclude,exclude ,private-insufficient,,,,exclude,exclude ,private-insufficient,,,
SCR-0075,10.1016/j.array.2026.100950,2026,ARRAY,Integration of artificial intelligence and graph neural networks (GNN) for modeling human emoti,include-candidate,include-candidate,EEG cross-subject emotion (journal),exclude,exclude ,subject-dependent-only,,,,exclude,exclude ,subject-dependent-only,,,
SCR-0079,10.1016/j.asoc.2025.113659,2025,APPLIED SOFT COMPUTING,Enhancing EEG-based individual-generic emotion recognition through invariant sparse patterns ex,include-candidate,include-candidate,EEG cross-subject emotion (journal),exclude,exclude ,subject-dependent-only,,,,exclude,exclude ,subject-dependent-only,,,
SCR-0083,10.1016/j.bbe.2017.05.004,2017,BIOCYBERNETICS AND BIOMEDICAL ENGINEER,Development of a real time emotion classifier based on evoked EEG,include-candidate,include-candidate,EEG cross-subject emotion (journal),exclude,exclude ,private-insufficient,,,,exclude,exclude ,private-insufficient,,,
SCR-0087,10.1016/j.bspc.2021.103289,2022,BIOMEDICAL SIGNAL PROCESSING AND CONTR,Calibration free meta learning based approach for subject independent EEG emotion recognition,known-in-corpus,include-candidate,duplicate,exclude,exclude ,no-subject-separation,unclear,subject-mixed-kfold,few-shot/zero-calibration; verify whether eval folds mix subjects (title/abstract screen noted random 5-fold CV),exclude,exclude ,no-subject-separation,,,
SCR-0089,10.1016/j.bspc.2021.103407,2022,BIOMEDICAL SIGNAL PROCESSING AND CONTR,Deep BiLSTM neural network model for emotion detection using cross-dataset approach,include-candidate,include-candidate,EEG cross-subject emotion (journal),exclude,exclude ,cross-database only,,,,exclude,exclude ,cross-database only,,,
SCR-0090,10.1016/j.bspc.2022.103485,2022,BIOMEDICAL SIGNAL PROCESSING AND CONTR,Learning DenseNet features from EEG based spectrograms for subject independent emotion recognit,include-candidate,include-candidate,EEG cross-subject emotion (journal),exclude,exclude ,no-subject-separation,,,,exclude,exclude ,no-subject-separation,,,
SCR-0096,10.1016/j.bspc.2023.104741,2023,BIOMEDICAL SIGNAL PROCESSING AND CONTR,EEG-based cross-subject emotion recognition using multi-source domain transfer learning,include-candidate,include-candidate,EEG cross-subject emotion (journal),exclude,exclude ,no-subject-separation,,,,include-candidate,include-candidate,EEG cross-subject emotion (journal),,,
SCR-0098,10.1016/j.bspc.2023.104806,2023,BIOMEDICAL SIGNAL PROCESSING AND CONTR,Deep time-frequency features and semi-supervised dimension reduction for subject-independent em,include-candidate,include-candidate,EEG cross-subject emotion (journal),exclude,exclude ,subject-dependent-only,,,,exclude,exclude ,subject-dependent-only,,,
SCR-0099,10.1016/j.bspc.2023.104894,2023,BIOMEDICAL SIGNAL PROCESSING AND CONTR,Design of subject independent 3D VAD emotion detection system using EEG signals and machine lea,include-candidate,include-candidate,EEG cross-subject emotion (journal),exclude,exclude ,no-subject-separation,yes,subject-mixed-kfold,claims subject-independent but uses 80/20 split + 5-fold CV on DEAP (no subject-level separation),exclude,exclude ,no-subject-separation,,,
SCR-0103,10.1016/j.bspc.2023.105136,2023,BIOMEDICAL SIGNAL PROCESSING AND CONTR,A multi-task hybrid emotion recognition network based on EEG signals,include-candidate,include-candidate,EEG cross-subject emotion (journal),exclude,exclude ,no-subject-separation,,,,exclude,exclude ,no-subject-separation,,,
SCR-0108,10.1016/j.bspc.2024.106276,2024,BIOMEDICAL SIGNAL PROCESSING AND CONTR,Exploring non-Euclidean relationships in EEG emotion recognition: A dynamic graph attention net,include-candidate,include-candidate,EEG cross-subject emotion (journal),exclude,exclude ,no-subject-separation,,,,exclude,exclude ,no-subject-separation,,,
SCR-0110,10.1016/j.bspc.2024.106465,2024,BIOMEDICAL SIGNAL PROCESSING AND CONTR,Knowledge distillation based lightweight domain adversarial neural network for electroencephalo,exclude,exclude,not-cross-subject,include-candidate,include,EEG cross-subject emotion (journal),,,,include-candidate,include,EEG cross-subject emotion (journal),,,
SCR-0111,10.1016/j.bspc.2024.106553,2024,BIOMEDICAL SIGNAL PROCESSING AND CONTR,Multimodal machine learning approach for emotion recognition using physiological signals,include-candidate,include-candidate,EEG cross-subject emotion (journal),unclear-needs-fulltext,unclear-needs-fulltext,physiological signals; EEG inclusion unclear,,,,unclear-needs-fulltext,unclear-needs-fulltext,physiological signals; EEG inclusion unclear,,,
SCR-0144,10.1016/j.bspc.2026.110501,2026,BIOMEDICAL SIGNAL PROCESSING AND CONTR,Multi-view cross-modal contrastive representation learning with domain adaptation for multi-mod,exclude,exclude,not-eeg-emotion,include-candidate,include,EEG cross-subject emotion (journal),,,,include-candidate,include,EEG cross-subject emotion (journal),,,
SCR-0149,10.1016/j.comcom.2020.10.004,2020,COMPUTER COMMUNICATIONS,Multi-reservoirs EEG signal feature sensing and recognition method based on generative adversar,include-candidate,include-candidate,EEG cross-subject emotion (journal),unclear-needs-fulltext,unclear-needs-fulltext,construct/emotion not stated in title,no,,full text confirms EEG emotion (DEAP) + LOSO,unclear-needs-fulltext,unclear-needs-fulltext,construct/emotion not stated in title,,,
SCR-0159,10.1016/j.compbiomed.2023.107489,2023,COMPUTERS IN BIOLOGY AND MEDICINE,Wearable-based human flow experience recognition enhanced by transfer learning methods using em,include-candidate,include-candidate,EEG cross-subject emotion (journal),unclear-needs-fulltext,unclear-needs-fulltext,flow-experience; modality unclear,,,,exclude,exclude ,subject-dependent-only,,,
SCR-0167,10.1016/j.eij.2020.07.005,2021,EGYPTIAN INFORMATICS JOURNAL,A 3D-convolutional neural network framework with ensemble learning techniques for multi-modal e,exclude,exclude,not-cross-subject,include-candidate,include,EEG cross-subject emotion (journal),,,,exclude,exclude,not-cross-subject,,,
SCR-0186,10.1016/j.eswa.2026.132121,2026,EXPERT SYSTEMS WITH APPLICATIONS,RA3-FDA: Resource-adaptive federated domain adaptation with dual heterogeneity awareness for EE,exclude,exclude,off-depression,include-candidate,include,EEG cross-subject emotion (journal),,,,exclude,exclude,off-depression,,,
SCR-0188,10.1016/j.heliyon.2025.e41767,2025,HELIYON,Develop an emotion recognition system using jointly connectivity between electroencephalogram a,exclude,exclude,not-cross-subject,include-candidate,include,EEG cross-subject emotion (journal),,,,exclude,exclude,not-cross-subject,,,
SCR-0191,10.1016/j.inffus.2023.102156,2024,INFORMATION FUSION,Multi-view domain-adaptive representation learning for EEG-based emotion recognition,exclude,exclude,not-cross-subject,include-candidate,include,EEG cross-subject emotion (journal),,,,include-candidate,include,EEG cross-subject emotion (journal),,,
SCR-0192,10.1016/j.inffus.2024.102338,2024,INFORMATION FUSION,Online multi-hypergraph fusion learning for cross-subject emotion recognition,exclude,exclude,not-eeg-emotion,include-candidate,include,EEG cross-subject emotion (journal),,,,include-candidate,include,EEG cross-subject emotion (journal),,,
SCR-0198,10.1016/j.ipm.2026.104745,2026,INFORMATION PROCESSING \& MANAGEMENT,Hierarchical dynamic pattern analysis and adaptive fusion of multimodal physiological signals f,exclude,exclude,not-eeg-emotion,unclear-needs-fulltext,unclear-needs-fulltext,multimodal physiological; EEG unclear,,,,include-candidate,include,EEG cross-subject emotion (journal),,,
SCR-0199,10.1016/j.ipm.2026.104939,2026,INFORMATION PROCESSING \& MANAGEMENT,MASSANet: Multiscale adaptive spectral-spatial dual-path attention network for motor imagery de,include-candidate,include-candidate,EEG cross-subject emotion (journal),exclude,off-topic,off-topic: motor imagery decoding,,,,exclude,not-eeg-emotion,off-topic: motor imagery decoding,,,
SCR-0229,10.1016/j.knosys.2026.115551,2026,KNOWLEDGE-BASED SYSTEMS,Estimating dynamical affective state via domain-to-modality level feature integration from eye ,include-candidate,include-candidate,EEG cross-subject emotion (journal),unclear-needs-fulltext,unclear-needs-fulltext,affective state from eye signals; EEG unclear,no,,full text confirms EEG; segment-level leakage controlled,include-candidate,include-candidate,EEG cross-subject emotion (journal),,,
SCR-0230,10.1016/j.knosys.2026.116250,2026,Knowledge-Based Systems,Deep learning-based emotion recognition using unimodal facial expressions or physiological sign,exclude,exclude,nonprimary-review,unclear-needs-fulltext,unclear-needs-fulltext,facial or physiological; EEG unclear,,,,exclude,exclude,non-primary-study,,,
SCR-0240,10.1016/j.neucom.2024.128354,2024,NEUROCOMPUTING,Toward cross-subject and cross-session generalization in EEG-based emotion recognition: Systema,exclude,exclude,nonprimary-review,include-candidate,include,EEG cross-subject emotion (journal),,,,exclude,exclude,non-primary-study,,,
SCR-0253,10.1016/j.neunet.2023.03.039,2023,Neural Networks,A novel semi-supervised meta learning method for subject-transfer brain–computer interface,exclude,exclude,not-eeg-emotion,unclear-needs-fulltext,unclear-needs-fulltext,subject-transfer BCI; construct unclear,,,,include-candidate,include-candidate,EEG cross-subject emotion (journal),,,
SCR-0258,10.1016/j.neunet.2025.107363,2025,NEURAL NETWORKS,Length Uncertainty-Aware Graph Contrastive Fusion Network for multimodal physiological signal e,exclude,exclude,not-eeg-emotion,include-candidate,include,EEG cross-subject emotion (journal),,,,include-candidate,include-candidate,EEG cross-subject emotion (journal),,,
SCR-0274,10.1016/j.sleepe.2026.100137,2026,Sleep Epidemiology,Hybrid vision transformer–BiLSTM for EEG-based sleep apnea severity classification,include-candidate,include-candidate,EEG cross-subject emotion (journal),exclude,off-topic,off-topic: sleep apnea severity,,,,exclude,not-eeg-emotion,off-topic: sleep apnea severity,,,
SCR-0275,10.1016/j.smhl.2021.100261,2022,Smart Health,"EEG classification with spiking neural network: Smaller, better, more energy efficient",include-candidate,include-candidate,EEG cross-subject emotion (journal),unclear-needs-fulltext,unclear-needs-fulltext,generic EEG classification; construct unclear,,,,exclude,exclude,not-cross-subject,,,
SCR-0278,10.1038/s41597-025-05957-y,2025,Scientific Data,CIRE: A Chinese EEG Dataset for decoding speech intention modulated by prosodic  emotion.,include-candidate,include-candidate,EEG cross-subject emotion (journal),exclude,off-topic,off-topic: speech-intention dataset,,,,exclude,exclude,not-eeg-emotion,,,
SCR-0281,10.1038/s41598-024-70508-1,2024,SCIENTIFIC REPORTS,Evaluation of perceived urgency from single-trial EEG data elicited by upper-body vibration fee,include-candidate,include-candidate,EEG cross-subject emotion (journal),exclude,off-topic,off-topic: perceived urgency,,,,exclude,not-eeg-emotion,off-topic: perceived urgency,,,
SCR-0283,10.1038/s41598-025-98404-2,2025,SCIENTIFIC REPORTS,EmoTrans attention based emotion recognition using EEG signals and facial analysis with expert ,exclude,exclude,nonprimary-survey,include-candidate,include,EEG cross-subject emotion (journal),,,,include-candidate,include,EEG cross-subject emotion (journal),,,
SCR-0287,10.1049/ccs2.12111,2024,COGNITIVE COMPUTATION AND SYSTEMS,EF-CorrCA: A multi-modal EEG-fNIRS subject independent model to assess speech quality on brain ,include-candidate,include-candidate,EEG cross-subject emotion (journal),exclude,off-topic,off-topic: speech-quality assessment,,,,exclude,not-eeg-emotion,off-topic: speech-quality assessment,,,
SCR-0289,10.1049/cit2.70056,2025,CAAI TRANSACTIONS ON INTELLIGENCE TECH,TF-MEET: A Transferable Fusion Multi-Band Transformer for Cross-Session EEG Decoding,include-candidate,include-candidate,EEG cross-subject emotion (journal),unclear-needs-fulltext,unclear-needs-fulltext,cross-session EEG decoding; construct unclear,,,,unclear-needs-fulltext,unclear-needs-fulltext,cross-session EEG decoding; construct unclear,,,
SCR-0291,10.1063/5.0236392,2025,REVIEW OF SCIENTIFIC INSTRUMENTS,"Data collection, enhancement, and classification of functional near-infrared  spectroscopy moto",include-candidate,include-candidate,EEG cross-subject emotion (journal),exclude,not-eeg,fNIRS motor study,,,,exclude,not-eeg-emotion,fNIRS motor study,,,
SCR-0294,10.1063/5.0258358,2025,REVIEW OF SCIENTIFIC INSTRUMENTS,EEG-ConvoBLSTM: A novel hybrid model for efficient EEG signal classification,include-candidate,include-candidate,EEG cross-subject emotion (journal),unclear-needs-fulltext,unclear-needs-fulltext,generic EEG classification,,,,unclear-needs-fulltext,unclear-needs-fulltext,generic EEG classification,,,
SCR-0296,10.1080/10255842.2022.2032682,2022,Computer Methods in Biomechanics and B,Hybrid deep convolutional model-based emotion recognition using multiple physiological signals,exclude,exclude,not-eeg-emotion,include-candidate,include,EEG cross-subject emotion (journal),,,,exclude,exclude ,private-insufficient,,,
SCR-0300,10.1080/10447318.2023.2278926,2024,INTERNATIONAL JOURNAL OF HUMAN-COMPUTE,EEG-Based Evaluation of Aesthetic Experience Using BiLSTM Network,include-candidate,include-candidate,EEG cross-subject emotion (journal),unclear-needs-fulltext,unclear-needs-fulltext,aesthetic experience; borderline affective,,,,unclear-needs-fulltext,unclear-needs-fulltext,aesthetic experience; borderline affective,,,
SCR-0307,10.1088/1741-2552/ac7b4a,2022,Journal of Neural Engineering,A novel channel selection scheme for olfactory EEG signal classification on Riemannian manifold,include-candidate,include-candidate,EEG cross-subject emotion (journal),exclude,off-topic,off-topic: olfactory EEG classification,,,,exclude,not-eeg-emotion,off-topic: olfactory EEG classification,,,
SCR-0310,10.1088/1741-2552/acbfe0,2023,JOURNAL OF NEURAL ENGINEERING,Confused or not: decoding brain activity and recognizing confusion in reasoning learning using ,include-candidate,include-candidate,EEG cross-subject emotion (journal),exclude,off-topic,off-topic: confusion detection,,,,exclude,not-eeg-emotion,off-topic: confusion detection,,,
SCR-0316,10.1088/1741-2552/ae204c,2025,JOURNAL OF NEURAL ENGINEERING,P2CSL: cross-subject EEG classification by subspace class prototype-based progressive confident,include-candidate,include-candidate,EEG cross-subject emotion (journal),unclear-needs-fulltext,unclear-needs-fulltext,generic cross-subject EEG classification,,,,unclear-needs-fulltext,unclear-needs-fulltext,generic cross-subject EEG classification,,,
SCR-0334,10.1109/access.2020.3027429,2020,IEEE Access,Electroencephalogram-Based Preference Prediction Using Deep Transfer Learning,include-candidate,include-candidate,EEG cross-subject emotion (journal),exclude,off-topic,off-topic: preference prediction,,,,exclude,not-eeg-emotion,off-topic: preference prediction,,,
SCR-0335,10.1109/access.2020.3045225,2020,IEEE Access,Meta Learn on Constrained Transfer Learning for Low Resource Cross Subject EEG Classification,exclude,exclude,not-eeg-emotion,unclear-needs-fulltext,unclear-needs-fulltext,generic cross-subject EEG classification,,,,unclear-needs-fulltext,unclear-needs-fulltext,generic cross-subject EEG classification,,,
SCR-0336,10.1109/access.2022.3147461,2022,IEEE Access,Subject-Dependent Emotion Recognition System Based on Multidimensional Electroencephalographic ,include-candidate,include-candidate,EEG cross-subject emotion (journal),exclude,subject-dependent-only,title: Subject-Dependent Emotion Recognition System,no,,protocol matches SD claim (correctly excluded at screening),exclude,exclude ,subject-dependent-only,,,
SCR-0349,10.1109/access.2024.3497160,2025,IEEE Access,Emotion Recognition Method Using U-Net Neural Network With Multichannel EEG Features and Differ,exclude,exclude,not-cross-subject,include-candidate,include,EEG cross-subject emotion (journal),unclear,,protocol not extractable from PDF text; needs manual full-text check,exclude,exclude,not-cross-subject,,,
SCR-0351,10.1109/access.2024.3519297,2024,IEEE Access,Which Augmentation Should I Use? An Empirical Investigation of Augmentations for Self-Supervise,exclude,exclude,not-eeg-emotion,unclear-needs-fulltext,unclear-needs-fulltext,augmentation study; construct unclear,,,,exclude,exclude,not-eeg-emotion,,,
SCR-0352,10.1109/access.2025.3530567,2025,IEEE Access,A Pre-Activation Residual Convolutional Network With Attention Modules for High-Resolution Segm,include-candidate,include-candidate,EEG cross-subject emotion (journal),exclude,off-topic,off-topic: high-resolution segmentation,no,,NOTE title 'segmentation' = EEG time-segmentation; this IS an EEG emotion study - earlier off-topic screen was a false exclude,include-candidate,include-candidate,EEG cross-subject emotion (journal),,,
SCR-0356,10.1109/access.2025.3563760,2025,IEEE Access,Deep Learning Model for Analyzing EEG Signal Analysis,exclude,exclude,off-depression,unclear-needs-fulltext,unclear-needs-fulltext,vague title; construct unclear,,,,unclear-needs-fulltext,unclear-needs-fulltext,vague title; construct unclear,,,
SCR-0370,10.1109/jbhi.2022.3212475,2023,IEEE Journal of Biomedical and Health ,A Novel Domain Adversarial Networks Based on 3D-LSTM and Local Domain Discriminator for Hearing,include-candidate,include-candidate,EEG cross-subject emotion (journal),exclude,off-topic,off-topic: hearing-related,no,,NOTE emotion recognition on hearing-impaired population (private HIED); earlier off-topic screen debatable (construct is emotion),exclude,not-eeg-emotion,off-topic: hearing-related,,,
SCR-0373,10.1109/jbhi.2023.3307606,2024,IEEE Journal of Biomedical and Health ,DAST: A Domain-Adaptive Learning Combining Spatio-Temporal Dynamic Attention for Electroencepha,exclude,exclude,not-cross-subject,include-candidate,include,EEG cross-subject emotion (journal),unclear,subject-mixed-kfold,5-fold CV randomly splits trials 8:2; subject-level separation not evident despite domain-adaptive framing,include-candidate,include,EEG cross-subject emotion (journal),,,
SCR-0375,10.1109/jbhi.2023.3315974,2023,IEEE Journal of Biomedical and Health ,MLDA: Multi-Loss Domain Adaptor for Cross-Session and Cross-Emotion EEG-Based Individual Identi,include-candidate,include-candidate,EEG cross-subject emotion (journal),exclude,off-topic,off-topic: individual identification (biometric),,,,exclude,not-eeg-emotion,off-topic: individual identification (biometric),,,
SCR-0376,10.1109/jbhi.2023.3318419,2024,IEEE Journal of Biomedical and Health ,Multi-Resolution Wavelet Fractal Analysis and Subtask Training for Enhancing Few-Shot Noisy Bra,exclude,exclude,not-eeg-emotion,unclear-needs-fulltext,unclear-needs-fulltext,few-shot noisy BCI; construct unclear,,,,unclear-needs-fulltext,unclear-needs-fulltext,few-shot noisy BCI; construct unclear,,,
SCR-0381,10.1109/jbhi.2024.3487012,2025,IEEE Journal of Biomedical and Health ,An On-Board Executable Multi-Feature Transfer-Enhanced Fusion Model for Three-Lead EEG Sensor-A,exclude,exclude,off-depression,include-candidate,include,EEG cross-subject emotion (journal),,,,include-candidate,include,EEG cross-subject emotion (journal),,,
SCR-0384,10.1109/jbhi.2025.3576088,2025,IEEE Journal of Biomedical and Health ,Frequency-Aware Spatial-Temporal Attention Explainable Network for EEG Decoding,include-candidate,include-candidate,EEG cross-subject emotion (journal),unclear-needs-fulltext,unclear-needs-fulltext,EEG decoding; construct unclear,,,,unclear-needs-fulltext,unclear-needs-fulltext,EEG decoding; construct unclear,,,
SCR-0386,10.1109/jbhi.2025.3597398,2026,IEEE Journal of Biomedical and Health ,Multimodal Fusion of Behavioral and Physiological Signals for Enhanced Emotion Recognition via ,exclude,exclude,not-eeg-emotion,include-candidate,include,EEG cross-subject emotion (journal),no,,,include-candidate,include,EEG cross-subject emotion (journal),,,
SCR-0388,10.1109/jbhi.2026.3663725,2026,IEEE Journal of Biomedical and Health ,Subject-Adaptive EEG Decoding via Filter-Bank Neural Architecture Search for BCI Applications,exclude,exclude,not-eeg-emotion,unclear-needs-fulltext,unclear-needs-fulltext,subject-adaptive EEG decoding BCI; construct unclear,,,,unclear-needs-fulltext,unclear-needs-fulltext,subject-adaptive EEG decoding BCI; construct unclear,,,
SCR-0393,10.1109/jbhi.2026.3686008,2026,IEEE Journal of Biomedical and Health ,BR-SFDA: A Source-Target Bidirectional Refined SFDA for Privacy Preserving EEG-based BCIs,include-candidate,include-candidate,EEG cross-subject emotion (journal),unclear-needs-fulltext,unclear-needs-fulltext,source-free EEG BCIs; construct unclear,,,,unclear-needs-fulltext,unclear-needs-fulltext,source-free EEG BCIs; construct unclear,,,
SCR-0402,10.1109/jsen.2024.3358400,2024,IEEE Sensors Journal,Emotion Recognition Based on Selected EEG Signals by Common Spatial Pattern,exclude,exclude,not-cross-subject,include-candidate,include,EEG cross-subject emotion (journal),unclear,subject-mixed-kfold,describes trial-level random 80/20 split (subject-mixed) alongside subject-level split; which used is ambiguous,include-candidate,include,EEG cross-subject emotion (journal),,,
SCR-0404,10.1109/jsen.2024.3492176,2025,IEEE Sensors Journal,Real-Time EEG-Based Driver Drowsiness Detection Based on Convolutional Neural Network With Gumb,include-candidate,include-candidate,EEG cross-subject emotion (journal),exclude,off-topic,off-topic: driver drowsiness,,,,exclude,not-eeg-emotion,off-topic: driver drowsiness,,,
SCR-0406,10.1109/jsen.2025.3587271,2025,IEEE Sensors Journal,Hierarchical Transformer With Auxiliary Learning for Subject-Independent Respiration Emotion Re,include-candidate,include-candidate,EEG cross-subject emotion (journal),exclude,not-eeg,respiration-signal based,,,,exclude,not-eeg-emotion,respiration-signal based,,,
SCR-0409,10.1109/jsen.2025.3645085,2026,IEEE Sensors Journal,Enhancing CNN-Based Motion Sickness Detection Using EEG Signals Weighted by Motion Sickness Dos,include-candidate,include-candidate,EEG cross-subject emotion (journal),exclude,off-topic,off-topic: motion sickness,,,,exclude,not-eeg-emotion,off-topic: motion sickness,,,
SCR-0414,10.1109/lsp.2025.3584273,2025,IEEE Signal Processing Letters,HIA-Net: Hierarchical Interactive Alignment Network for Multimodal Few-Shot Emotion Recognition,exclude,exclude,not-eeg-emotion,include-candidate,include,EEG cross-subject emotion (journal),no,,disclosed few-shot target labels,include-candidate,include,EEG cross-subject emotion (journal),,,
SCR-0417,10.1109/taffc.2015.2496310,2016,IEEE Transactions on Affective Computi,Subject-Independent Odor Pleasantness Classification Using Brain and Peripheral Signals,include-candidate,include-candidate,EEG cross-subject emotion (journal),unclear-needs-fulltext,unclear-needs-fulltext,odor pleasantness; borderline affective,,,,unclear-needs-fulltext,unclear-needs-fulltext,odor pleasantness; borderline affective,,,
SCR-0444,10.1109/taffc.2024.3462603,2025,IEEE Transactions on Affective Computi,Decoding Musical Neural Activity in Patients With Disorders of Consciousness Through Self-Super,include-candidate,include-candidate,EEG cross-subject emotion (journal),exclude,off-topic,off-topic: disorders of consciousness,,,,exclude,not-eeg-emotion,off-topic: disorders of consciousness,,,
SCR-0445,10.1109/taffc.2024.3477302,2025,IEEE Transactions on Affective Computi,The fNIRS-Based Emotion Recognition by Spatial Transformer and WGAN Data Augmentation Toward De,include-candidate,include-candidate,EEG cross-subject emotion (journal),exclude,not-eeg,fNIRS-based emotion,,,,exclude,not-eeg-emotion,fNIRS-based emotion,,,
SCR-0467,10.1109/taffc.2025.3605833,2025,IEEE Transactions on Affective Computi,LibEER: A Comprehensive Benchmark and Algorithm Library for EEG-Based Emotion Recognition,exclude,exclude,not-cross-subject,unclear-needs-fulltext,unclear-needs-fulltext,benchmark/library resource; verify at full text,no,,leakage-aware benchmark resource (LibEER); protocol-standards reference (not off-topic),unclear-needs-fulltext,unclear-needs-fulltext,benchmark/library resource; verify at full text,,,
SCR-0473,10.1109/taffc.2025.3638592,2026,IEEE Transactions on Affective Computi,Gram: A Large General EEG Model for Raw Data Classification and Restoration,include-candidate,include-candidate,EEG cross-subject emotion (journal),unclear-needs-fulltext,unclear-needs-fulltext,general EEG foundation model; not emotion-specific,,,,unclear-needs-fulltext,unclear-needs-fulltext,general EEG foundation model; not emotion-specific,,,
SCR-0476,10.1109/taffc.2025.3646189,2026,IEEE Transactions on Affective Computi,WDANet: Wasserstein Distribution Inspired Dynamic Adversarial Network for EEG-Based Cross-Domai,exclude,exclude,off-depression,include-candidate,include,EEG cross-subject emotion (journal),,,,include-candidate,include,EEG cross-subject emotion (journal),,,
SCR-0481,10.1109/taffc.2026.3670015,2026,IEEE Transactions on Affective Computi,Toward a Realistic Encoding Model of Auditory Affective Understanding in the Brain,exclude,exclude,not-eeg-emotion,unclear-needs-fulltext,unclear-needs-fulltext,auditory-affective encoding model; not recognition,unclear,other,encoding/regression study (not classification); protocol is not a cross-subject recognition benchmark; reconsider scope,unclear-needs-fulltext,unclear-needs-fulltext,auditory-affective encoding model; not recognition,,,
SCR-0487,10.1109/taffc.2026.3684827,2026,IEEE Transactions on Affective Computi,Data Distribution Evolution for Robust EEG Emotion Recognition with Limited Data Resource,exclude,exclude,not-cross-subject,include-candidate,include,EEG cross-subject emotion (journal),no,,,include-candidate,include,EEG cross-subject emotion (journal),,,
SCR-0488,10.1109/taffc.2026.3691107,2026,IEEE Transactions on Affective Computi,A Low-Rank Approximation based Multi-modal Multi-level Disentangling Network for Efficient Emot,exclude,exclude,not-eeg-emotion,include-candidate,include,EEG cross-subject emotion (journal),no,,,include-candidate,include,EEG cross-subject emotion (journal),,,
SCR-0489,10.1109/taffc.2026.3691981,2026,IEEE Transactions on Affective Computi,DTHFormer: Dual Token Hierarchical Transformer Network for Fine-Grained Emotion Recognition,exclude,exclude,not-eeg-emotion,include-candidate,include,EEG cross-subject emotion (journal),no,,,include-candidate,include,EEG cross-subject emotion (journal),,,
SCR-0492,10.1109/tbdata.2024.3489419,2025,IEEE Transactions on Big Data,AnesFormer: An End-to-End Framework for EEG-Based Anesthetic State Classification,include-candidate,include-candidate,EEG cross-subject emotion (journal),exclude,off-topic,off-topic: anesthetic-state classification,,,,exclude,not-eeg-emotion,off-topic: anesthetic-state classification,,,
SCR-0493,10.1109/tbme,2024,,A Spatiotemporal Deep Learning Framework for Scalp EEG-Based Automated Pain  Assessment in Chil,include-candidate,include-candidate,EEG cross-subject emotion (journal),exclude,off-topic,off-topic: pain assessment,,,,exclude,not-eeg-emotion,off-topic: pain assessment,,,
SCR-0496,10.1109/tbme.2025.3613730,2026,IEEE Transactions on Biomedical Engine,Self-Supervised Contrastive Pre-Training for EEG-Based Recognition via Cross Device Representat,include-candidate,include-candidate,EEG cross-subject emotion (journal),unclear-needs-fulltext,unclear-needs-fulltext,cross-device EEG recognition; construct unclear,,,,unclear-needs-fulltext,unclear-needs-fulltext,cross-device EEG recognition; construct unclear,,,
SCR-0501,10.1109/tcds.2020.2999337,2021,IEEE Transactions on Cognitive and Dev,A Novel Bi-Hemispheric Discrepancy Model for EEG Emotion Recognition,exclude,exclude,not-cross-subject,include-candidate,include,EEG cross-subject emotion (journal),no,,,include-candidate,include,EEG cross-subject emotion (journal),,,
SCR-0509,10.1109/tcds.2024.3391131,2024,IEEE Transactions on Cognitive and Dev,Minimizing EEG Human Interference: A Study of an Adaptive EEG Spatial Feature Extraction With D,include-candidate,include-candidate,EEG cross-subject emotion (journal),unclear-needs-fulltext,unclear-needs-fulltext,adaptive EEG spatial feature; construct unclear,,,,unclear-needs-fulltext,unclear-needs-fulltext,adaptive EEG spatial feature; construct unclear,,,
SCR-0513,10.1109/tcds.2025.3529669,2025,IEEE Transactions on Cognitive and Dev,TRANSIT-EEG—A Framework for Cross-Subject Classification With Subject Specific Adaptation,include-candidate,include-candidate,EEG cross-subject emotion (journal),unclear-needs-fulltext,unclear-needs-fulltext,generic cross-subject classification,,,,unclear-needs-fulltext,unclear-needs-fulltext,generic cross-subject classification,,,
SCR-0515,10.1109/tcds.2025.3552124,2025,IEEE Transactions on Cognitive and Dev,Multimodal Discriminative Network for Emotion Recognition Across Individuals,exclude,exclude,not-eeg-emotion,include-candidate,include,EEG cross-subject emotion (journal),no,,,include-candidate,include,EEG cross-subject emotion (journal),,,
SCR-0520,10.1109/tcds.2026.3661567,2026,IEEE Transactions on Cognitive and Dev,Low-Dimensional Matrix Discriminant Analysis of EEG Network Connectivity on Riemannian Manifold,include-candidate,include-candidate,EEG cross-subject emotion (journal),unclear-needs-fulltext,unclear-needs-fulltext,EEG connectivity (Riemannian); construct unclear,no,,leakage-aware (leave-one-trial-out to avoid temporal-correlation leakage),unclear-needs-fulltext,unclear-needs-fulltext,EEG connectivity (Riemannian); construct unclear,,,
SCR-0521,10.1109/tce.2023.3325317,2024,IEEE Transactions on Consumer Electron,DREAM: Deep Learning-Based Recognition of Emotions From Multiple Affective Modalities Using Con,exclude,exclude,not-eeg-emotion,include-candidate,include,EEG cross-subject emotion (journal),,,,include-candidate,include,EEG cross-subject emotion (journal),,,
SCR-0528,10.1109/tcss.2024.3412074,2024,IEEE Transactions on Computational Soc,Dense Graph Convolutional With Joint Cross-Attention Network for Multimodal Emotion Recognition,exclude,exclude,not-eeg-emotion,include-candidate,include,EEG cross-subject emotion (journal),no,,,include-candidate,include,EEG cross-subject emotion (journal),,,
SCR-0529,10.1109/tcss.2024.3450717,2025,IEEE Transactions on Computational Soc,Semantic Disentangling for Audiovisual Induced Emotion,include-candidate,include-candidate,EEG cross-subject emotion (journal),unclear-needs-fulltext,unclear-needs-fulltext,audiovisual induced emotion; EEG unclear,,,,unclear-needs-fulltext,unclear-needs-fulltext,audiovisual induced emotion; EEG unclear,,,
SCR-0536,10.1109/tcyb.2020.2987575,2021,IEEE Transactions on Cybernetics,Emotion Recognition From Multimodal Physiological Signals Using a Regularized Deep Fusion of Ke,exclude,exclude,not-eeg-emotion,include-candidate,include,EEG cross-subject emotion (journal),no,,,include-candidate,include,EEG cross-subject emotion (journal),,,
SCR-0537,10.1109/tcyb.2025.3550191,2025,IEEE Transactions on Cybernetics,AdamGraph: Adaptive Attention-Modulated Graph Network for EEG Emotion Recognition,exclude,exclude,not-cross-subject,include-candidate,include,EEG cross-subject emotion (journal),no,,,include-candidate,include,EEG cross-subject emotion (journal),,,
SCR-0539,10.1109/tetci.2023.3306253,2024,IEEE Transactions on Emerging Topics i,Towards Domain Generalization for ECG and EEG Classification: Algorithms and Benchmarks,exclude,exclude,not-eeg-emotion,unclear-needs-fulltext,unclear-needs-fulltext,ECG+EEG DG benchmark; not emotion-specific,,,,unclear-needs-fulltext,unclear-needs-fulltext,ECG+EEG DG benchmark; not emotion-specific,,,
SCR-0543,10.1109/thms.2019.2904615,2019,IEEE TRANSACTIONS ON HUMAN-MACHINE SYS,A Context-Supported Deep Learning Framework for Multimodal Brain Imaging Classification,exclude,exclude,not-eeg-emotion,unclear-needs-fulltext,unclear-needs-fulltext,multimodal brain imaging; modality unclear,,,,unclear-needs-fulltext,unclear-needs-fulltext,multimodal brain imaging; modality unclear,,,
SCR-0546,10.1109/tii.2025.3636892,2026,IEEE Transactions on Industrial Inform,Multimodal Feature Interaction and High-Quality Pseudolabel Generation With Self-Training for C,exclude,exclude,not-eeg-emotion,include-candidate,include,EEG cross-subject emotion (journal),,,,include-candidate,include,EEG cross-subject emotion (journal),,,
SCR-0560,10.1109/tim.2025.3558792,2025,IEEE TRANSACTIONS ON INSTRUMENTATION A,A Temporal-Spatial Embedding and Dynamic Aggregation Network With Adaptive Weighting Spectrum f,exclude,exclude,not-eeg-emotion,include-candidate,include,EEG cross-subject emotion (journal),,,,include-candidate,include,EEG cross-subject emotion (journal),,,
SCR-0563,10.1109/tmm.2021.3124080,2023,IEEE Transactions on Multimedia,CEAP-360VR: A Continuous Physiological and Behavioral Emotion Annotation Dataset for 360$^\circ,exclude,exclude,off-motionsickness,unclear-needs-fulltext,unclear-needs-fulltext,360VR annotation dataset; EEG unclear,,,,unclear-needs-fulltext,unclear-needs-fulltext,360VR annotation dataset; EEG unclear,,,
SCR-0566,10.1109/tmm.2025.3535344,2025,IEEE Transactions on Multimedia,DISD-Net: A Dynamic Interactive Network With Self-Distillation for Cross-Subject Multi-Modal Em,exclude,exclude,not-eeg-emotion,include-candidate,include,EEG cross-subject emotion (journal),no,,,include-candidate,include,EEG cross-subject emotion (journal),,,
SCR-0568,10.1109/tnnls,2016,,Brain Dynamics in Predicting Driving Fatigue Using a Recurrent Self-Evolving  Fuzzy Neural Netw,include-candidate,include-candidate,EEG cross-subject emotion (journal),exclude,off-topic,off-topic: driving fatigue,,,,exclude,not-eeg-emotion,off-topic: driving fatigue,,,
SCR-0570,10.1109/tnnls.2022.3190448,2024,IEEE Transactions on Neural Networks a,Self-Supervised Learning for Electroencephalography,exclude,exclude,not-eeg-emotion,unclear-needs-fulltext,unclear-needs-fulltext,self-supervised EEG; construct unclear,,,,unclear-needs-fulltext,unclear-needs-fulltext,self-supervised EEG; construct unclear,,,
SCR-0571,10.1109/tnnls.2024.3350085,2025,IEEE TRANSACTIONS ON NEURAL NETWORKS A,Deep Multiview Module Adaption Transfer Network for Subject-Specific EEG Recognition,exclude,exclude,not-eeg-emotion,unclear-needs-fulltext,unclear-needs-fulltext,subject-specific EEG recognition; construct unclear,,,,unclear-needs-fulltext,unclear-needs-fulltext,subject-specific EEG recognition; construct unclear,,,
SCR-0576,10.1109/tnsre,2022,,EEGSym: Overcoming Inter-Subject Variability in Motor Imagery Based BCIs With  Deep Learning.,include-candidate,include-candidate,EEG cross-subject emotion (journal),exclude,off-topic,off-topic: motor imagery,,,,exclude,not-eeg-emotion,off-topic: motor imagery,,,
SCR-0579,10.1109/tnsre.2021.3059429,2021,IEEE Transactions on Neural Systems an,Enhancing EEG-Based Classification of Depression Patients Using Spatial Information,include-candidate,include-candidate,EEG cross-subject emotion (journal),exclude,off-topic,off-topic: depression detection,,,,exclude,not-eeg-emotion,off-topic: depression detection,,,
SCR-0581,10.1109/tnsre.2022.3166517,2022,IEEE Transactions on Neural Systems an,Inference of Brain States Under Anesthesia With Meta Learning Based Deep Learning Models,include-candidate,include-candidate,EEG cross-subject emotion (journal),exclude,off-topic,off-topic: anesthesia brain states,,,,exclude,not-eeg-emotion,off-topic: anesthesia brain states,,,
SCR-0582,10.1109/tnsre.2022.3207494,2022,IEEE TRANSACTIONS ON NEURAL SYSTEMS AN,Multi-Source Decentralized Transfer for Privacy-Preserving BCIs,include-candidate,include-candidate,EEG cross-subject emotion (journal),unclear-needs-fulltext,unclear-needs-fulltext,privacy-preserving BCIs; construct unclear,no,,NOTE full text is motor-imagery classification not emotion - off-topic (fails I1),unclear-needs-fulltext,unclear-needs-fulltext,privacy-preserving BCIs; construct unclear,,,
SCR-0583,10.1109/tnsre.2022.3230250,2023,IEEE TRANSACTIONS ON NEURAL SYSTEMS AN,EEG Conformer: Convolutional Transformer for EEG Decoding and Visualization,exclude,exclude,not-cross-subject,unclear-needs-fulltext,unclear-needs-fulltext,EEG Conformer; general decoding,,,,unclear-needs-fulltext,unclear-needs-fulltext,EEG Conformer; general decoding,,,
SCR-0588,10.1109/tnsre.2024.3445115,2024,IEEE Transactions on Neural Systems an,Online Privacy-Preserving EEG Classification by Source-Free Transfer Learning,exclude,exclude,not-eeg-emotion,unclear-needs-fulltext,unclear-needs-fulltext,source-free EEG; construct unclear,,,,unclear-needs-fulltext,unclear-needs-fulltext,source-free EEG; construct unclear,,,
SCR-0596,10.1142/s0129065722500320,2022,,Epileptic Seizure Prediction Using Deep Neural Networks Via Transfer Learning  and Multi-Featur,include-candidate,include-candidate,EEG cross-subject emotion (journal),exclude,off-topic,off-topic: seizure prediction,,,,exclude,not-eeg-emotion,off-topic: seizure prediction,,,
SCR-0600,10.1142/s0219519425400974,2025,JOURNAL OF MECHANICS IN MEDICINE AND B,A CNN-TRANSFORMER-BASED BRAIN-COMPUTER INTERFACE MODEL FOR DIGITAL ART THERAPY IN DEPRESSION IN,include-candidate,include-candidate,EEG cross-subject emotion (journal),exclude,off-topic,off-topic: depression/art therapy,,,,exclude,not-eeg-emotion,off-topic: depression/art therapy,,,
SCR-0604,10.1145/3583885,2024,ACM TRANSACTIONS ON MULTIMEDIA COMPUTI,Unsupervised Domain Adaptation by Causal Learning for Biometric Signal-based HCI,include-candidate,include-candidate,EEG cross-subject emotion (journal),unclear-needs-fulltext,unclear-needs-fulltext,biometric-signal HCI; construct unclear,,,,unclear-needs-fulltext,unclear-needs-fulltext,biometric-signal HCI; construct unclear,,,
SCR-0605,10.1145/3666002,2024,ACM COMPUTING SURVEYS,Research Progress of EEG-Based Emotion Recognition: A Survey,include-candidate,include-candidate,EEG cross-subject emotion (journal),exclude,non-primary-study,survey,,,,exclude,non-primary-study,survey,,,
SCR-0610,10.1155/2020/5046315,2020,,An Automatic Epilepsy Detection Method Based on Improved Inductive Transfer  Learning.,include-candidate,include-candidate,EEG cross-subject emotion (journal),exclude,off-topic,off-topic: epilepsy detection,,,,exclude,not-eeg-emotion,off-topic: epilepsy detection,,,
SCR-0612,10.1155/int/9618884,2024,INTERNATIONAL JOURNAL OF INTELLIGENT S,Mind to Music: An EEG Signal-Driven Real-Time Emotional Music Generation System,exclude,exclude,not-cross-subject,unclear-needs-fulltext,unclear-needs-fulltext,emotional music generation system; verify recognition,,,,unclear-needs-fulltext,unclear-needs-fulltext,emotional music generation system; verify recognition,,,
SCR-0614,10.1166/jmihi.2021.3340,2021,JOURNAL OF MEDICAL IMAGING AND HEALTH ,Design and Implementation of Human-Computer Interaction Systems Based on Transfer Support Vecto,include-candidate,include-candidate,EEG cross-subject emotion (journal),unclear-needs-fulltext,unclear-needs-fulltext,HCI transfer SVM; construct unclear,,,,unclear-needs-fulltext,unclear-needs-fulltext,HCI transfer SVM; construct unclear,,,
SCR-0616,10.1177/15500594251366792,2025,CLINICAL EEG AND NEUROSCIENCE,Advanced Facial Expression Recognition Using Model Averaging Ensembles of Convolutional Neural ,include-candidate,include-candidate,EEG cross-subject emotion (journal),exclude,not-eeg,facial-expression only,,,,exclude,not-eeg-emotion,facial-expression only,,,
SCR-0617,10.1186/s12911-017-0562-x,2017,BMC MEDICAL INFORMATICS AND DECISION M,Subject-independent emotion recognition based on physiological signals: a three-stage decision ,exclude,exclude,not-eeg-emotion,include-candidate,include,EEG cross-subject emotion (journal),,,,include-candidate,include,EEG cross-subject emotion (journal),,,
SCR-0622,10.11999/jeit250424,2026,JOURNAL OF ELECTRONICS \& INFORMATION ,Bimodal Emotion Recognition Method Based on Dual-stream Attention and Adversarial Mutual Recons,include-candidate,include-candidate,EEG cross-subject emotion (journal),exclude,non-english,Chinese-language journal,,,,exclude,non-english,Chinese-language journal,,,
SCR-0623,10.12263/dzxb.20250486,2025,Tien Tzu Hsueh Pao/Acta Electronica Si,Reconstructed Transfer Subspace Based Multi-View Domain Adaptation Method for Electroencephalog,include-candidate,include-candidate,EEG cross-subject emotion (journal),exclude,non-english,Chinese-language journal (Acta Electronica Sinica),,,,exclude,non-english,Chinese-language journal (Acta Electronica Sinica),,,
SCR-0624,10.1371/journal.pone.0056624,2013,PLoS ONE,Collaborative Filtering for Brain-Computer Interaction Using Transfer Learning and Active Class,exclude,exclude,not-eeg-emotion,unclear-needs-fulltext,unclear-needs-fulltext,BCI collaborative filtering; construct unclear,,,,unclear-needs-fulltext,unclear-needs-fulltext,BCI collaborative filtering; construct unclear,,,
SCR-0628,10.14445/23488549/ijece-v13i4p109,2026,SSRG International Journal of Electron,EvoCausal-PhysioNet: Lifelong Physiological Signal Recognition with Continual Causal Graph-Tran,include-candidate,include-candidate,EEG cross-subject emotion (journal),unclear-needs-fulltext,unclear-needs-fulltext,lifelong physiological recognition; construct unclear,,,,unclear-needs-fulltext,unclear-needs-fulltext,lifelong physiological recognition; construct unclear,,,
SCR-0629,10.1504/ijbet.2026.154168,2026,INTERNATIONAL JOURNAL OF BIOMEDICAL EN,"Real-time emotion detection from integrating electroencephalography, facial expressions and spe",exclude,exclude,nonprimary-review,include-candidate,include,EEG cross-subject emotion (journal),,,,include-candidate,include,EEG cross-subject emotion (journal),,,
SCR-0635,10.24425/mms.2022.140030,2022,METROLOGY AND MEASUREMENT SYSTEMS,TRANSITION OF EMOTIONS FROM THE NEGATIVELY EXCITED STATE TO POSITIVE UNEXCITED STATE: AN ERP PE,include-candidate,include-candidate,EEG cross-subject emotion (journal),unclear-needs-fulltext,unclear-needs-fulltext,ERP emotion-transition; recognition metric unclear,,,,unclear-needs-fulltext,unclear-needs-fulltext,ERP emotion-transition; recognition metric unclear,,,
SCR-0646,10.3389/fncom.2022.909553,2022,FRONTIERS IN COMPUTATIONAL NEUROSCIENC,A P300-Detection Method Based on Logistic Regression and a Convolutional Neural Network,include-candidate,include-candidate,EEG cross-subject emotion (journal),exclude,off-topic,off-topic: P300 detection,,,,exclude,not-eeg-emotion,off-topic: P300 detection,,,
SCR-0650,10.3389/fnhum.2019.00054,2019,FRONTIERS IN HUMAN NEUROSCIENCE,Linking Emotional Reactivity Between Laboratory Tasks and Immersive Environments Using Behavior,include-candidate,include-candidate,EEG cross-subject emotion (journal),unclear-needs-fulltext,unclear-needs-fulltext,emotional reactivity (behavioral); EEG unclear,,,,unclear-needs-fulltext,unclear-needs-fulltext,emotional reactivity (behavioral); EEG unclear,,,
SCR-0669,10.3389/fnins.2021.719869,2021,FRONTIERS IN NEUROSCIENCE,Relaxation Degree Analysis Using Frontal Electroencephalogram Under Virtual Reality Relaxation ,include-candidate,include-candidate,EEG cross-subject emotion (journal),unclear-needs-fulltext,unclear-needs-fulltext,relaxation degree; borderline affective,,,,unclear-needs-fulltext,unclear-needs-fulltext,relaxation degree; borderline affective,,,
SCR-0671,10.3389/fnins.2022.1044631,2022,FRONTIERS IN NEUROSCIENCE,Dual attentive fusion for EEG-based brain-computer interfaces,exclude,exclude,not-eeg-emotion,unclear-needs-fulltext,unclear-needs-fulltext,dual attentive EEG BCIs; construct unclear,,,,unclear-needs-fulltext,unclear-needs-fulltext,dual attentive EEG BCIs; construct unclear,,,
SCR-0688,10.3389/fpsyg.2022.833007,2022,FRONTIERS IN PSYCHOLOGY,Cross-Modal Transfer Learning From EEG to Functional Near-Infrared Spectroscopy for Classificat,include-candidate,include-candidate,EEG cross-subject emotion (journal),unclear-needs-fulltext,unclear-needs-fulltext,EEG->fNIRS transfer; construct unclear,,,,unclear-needs-fulltext,unclear-needs-fulltext,EEG->fNIRS transfer; construct unclear,,,
SCR-0697,10.3390/app11020674,2021,APPLIED SCIENCES-BASEL,A Novel Approach to EEG Speech Activity Detection with Visual Stimuli and Mobile BCI,include-candidate,include-candidate,EEG cross-subject emotion (journal),exclude,off-topic,off-topic: speech-activity detection,,,,exclude,not-eeg-emotion,off-topic: speech-activity detection,,,
SCR-0699,10.3390/app132312832,2023,APPLIED SCIENCES-BASEL,A Fusion Framework for Confusion Analysis in Learning Based on EEG Signals,include-candidate,include-candidate,EEG cross-subject emotion (journal),exclude,off-topic,off-topic: confusion analysis,,,,exclude,not-eeg-emotion,off-topic: confusion analysis,,,
SCR-0724,10.3390/electronics8091039,2019,ELECTRONICS,Anxiety Level Recognition for Virtual Reality Therapy System Using Physiological Signals,exclude,exclude,off-stress,unclear-needs-fulltext,unclear-needs-fulltext,anxiety via physiological; modality unclear,,,,unclear-needs-fulltext,unclear-needs-fulltext,anxiety via physiological; modality unclear,,,
SCR-0726,10.3390/fractalfract9090585,2025,FRACTAL AND FRACTIONAL,A Blind Few-Shot Learning for Multimodal-Biological Signals with Fractal Dimension Estimation,exclude,exclude,not-eeg-emotion,unclear-needs-fulltext,unclear-needs-fulltext,multimodal biological few-shot; construct unclear,,,,unclear-needs-fulltext,unclear-needs-fulltext,multimodal biological few-shot; construct unclear,,,
SCR-0732,10.3390/math14081348,2026,MATHEMATICS,MSResBiMamba: A Deep Cascaded Architecture for EEG Signal Decoding,exclude,exclude,not-eeg-emotion,unclear-needs-fulltext,unclear-needs-fulltext,generic EEG signal decoding,,,,unclear-needs-fulltext,unclear-needs-fulltext,generic EEG signal decoding,,,
SCR-0744,10.3390/s22062241,2022,,An Unsupervised Deep-Transfer-Learning-Based Motor Imagery EEG Classification  Scheme for Brain,include-candidate,include-candidate,EEG cross-subject emotion (journal),exclude,off-topic,off-topic: motor imagery,,,,exclude,not-eeg-emotion,off-topic: motor imagery,,,
SCR-0750,10.3390/s24237690,2024,,An Empirical Model-Based Algorithm for Removing Motion-Caused Artifacts in Motor  Imagery EEG D,include-candidate,include-candidate,EEG cross-subject emotion (journal),exclude,off-topic,off-topic: motor imagery artifact removal,,,,exclude,not-eeg-emotion,off-topic: motor imagery artifact removal,,,
SCR-0752,10.3390/s25164989,2025,,Integrating Cortical Source Reconstruction and Adversarial Learning for EEG  Classification.,exclude,exclude,off-depression,unclear-needs-fulltext,unclear-needs-fulltext,cortical-source EEG classification; construct unclear,,,,unclear-needs-fulltext,unclear-needs-fulltext,cortical-source EEG classification; construct unclear,,,
SCR-0755,10.3390/s26031074,2026,SENSORS,Decoding Non-Invasive Electroencephalography Signal via a Two-Discriminator Adversarial Network,include-candidate,include-candidate,EEG cross-subject emotion (journal),unclear-needs-fulltext,unclear-needs-fulltext,EEG decoding adversarial; construct unclear,no,,full text confirms EMOTION recognition (was unclear at screening); Europe PMC (PMC12900132),unclear-needs-fulltext,unclear-needs-fulltext,EEG decoding adversarial; construct unclear,,,
SCR-0769,10.4114/intartif.vol28iss75pp170-185,2025,INTELIGENCIA ARTIFICIAL-IBEROAMERICAN ,Recurrence Quantification Analysis (RQA) Features vs. Traditional EEG Features for Alzheimer's ,include-candidate,include-candidate,EEG cross-subject emotion (journal),exclude,off-topic,off-topic: Alzheimer's,,,,exclude,not-eeg-emotion,off-topic: Alzheimer's,,,
SCR-0775,,2023,Journal of the Balkan Tribological Ass,IMPROVING ACCURACY IN EMOTION CLASSIFICATION USING GAME THEORY AND MULTI-PHYSIOLOGICAL SIGNALS,include-candidate,include-candidate,EEG cross-subject emotion (journal),unclear-needs-fulltext,unclear-needs-fulltext,multi-physiological emotion; EEG unclear,,,,unclear-needs-fulltext,unclear-needs-fulltext,multi-physiological emotion; EEG unclear,,,
SCR-0777,,2015,International Journal of Computers and,CMAC-based computational model of affects (CCMA) from self-organizing feature mapping weights f,include-candidate,include-candidate,EEG cross-subject emotion (journal),unclear-needs-fulltext,unclear-needs-fulltext,computational model of affect; modality unclear,,,,unclear-needs-fulltext,unclear-needs-fulltext,computational model of affect; modality unclear,,,
